"insertion","search","deletion"
0.0137788,0.0142494,0.0165175
0.0188531,0.0137053,0.0192906
0.0190309,0.0132101,0.0167149
0.0172574,0.0129653,0.0163125
0.0173897,0.0136119,0.0163443
