"insertion","search","deletion"
0.00317404,0.00242095,0.00473679
0.00288351,0.0024397,0.00511581
0.00276817,0.00309409,0.0103059
0.0027384,0.0023737,0.00518389
0.00294816,0.00259339,0.00546684
