"insertion","search","deletion"
0.00234237,10.8748,4.11886
0.000822233,4.92635,25.9549
0.000823464,9.66169,25.9751
0.000830608,5.07513,26.0789
0.000824998,9.1765,25.8947
