"insertion","search","deletion"
0.000575579,1.22859,1.60342
0.000444203,1.21978,1.57488
0.000318537,1.26507,1.57655
0.000301866,1.32963,1.5853
0.000307187,1.37874,1.56546
